임대종류,주소,단지명,세대수,주택유형,임대사업자,형(Type),공급면적(전용),공급면적(공용),임대보증금,임대료,전환보증금
행복주택,서울특별시 구로구 천왕로 21,천왕이펜하우스 7,374.0,아파트,SH공사,29,29.96,16.75,46400000,213000,0
행복주택,서울특별시 구로구 천왕로 21,천왕이펜하우스 7,374.0,아파트,SH공사,29S,29.96,16.75,42400000,212000,0
행복주택,서울특별시 노원구 공릉로51길 20,서울공릉행복주택,100.0,아파트,LH서울,16,16.77,9.47,29800000,116000,11000000
행복주택,서울특별시 노원구 공릉로51길 20,서울공릉행복주택,100.0,아파트,LH서울,17,17.2,9.72,30520000,119000,11000000
행복주택,서울특별시 노원구 공릉로51길 20,서울공릉행복주택,100.0,아파트,LH서울,19,19.38,10.95,35830000,140000,16000000
행복주택,서울특별시 노원구 공릉로51길 20,서울공릉행복주택,100.0,아파트,LH서울,26,26.1,14.75,45610000,178000,21000000
행복주택,서울특별시 노원구 공릉로51길 20,서울공릉행복주택,100.0,아파트,LH서울,29,29.38,16.60,54070000,211000,25000000
행복주택,서울특별시 노원구 공릉로51길 20,서울공릉행복주택,100.0,아파트,LH서울,36,36.48,20.61,70040000,274000,32000000
행복주택,서울특별시 노원구 공릉로51길 20,서울공릉행복주택,100.0,아파트,LH서울,40,40.32,22.78,76920000,301000,36000000
행복주택,서울특별시 서초구 청계산로9길 1-3,내곡보금자리주택지구 도시형생활주택(임대),87.0,아파트,SH공사,19-S,19.85,11.56,46360000,236000,0
행복주택,서울특별시 서초구 청계산로9길 1-3,내곡보금자리주택지구 도시형생활주택(임대),87.0,아파트,SH공사,20,20.52,12.28,45720000,171000,0
행복주택,서울특별시 서초구 청계산로9길 1-3,내곡보금자리주택지구 도시형생활주택(임대),87.0,아파트,SH공사,21A-S,21.13,11.72,46360000,236000,0
행복주택,서울특별시 서초구 청계산로9길 1-3,내곡보금자리주택지구 도시형생활주택(임대),87.0,아파트,SH공사,21B,21.58,12.84,48240000,181000,0
행복주택,서울특별시 서초구 청계산로9길 1-3,내곡보금자리주택지구 도시형생활주택(임대),87.0,아파트,SH공사,21B-S,21.58,12.84,46360000,236000,0
행복주택,서울특별시 서초구 청계산로9길 1-3,내곡보금자리주택지구 도시형생활주택(임대),87.0,아파트,SH공사,29,29.26,17.01,61400000,298000,0
행복주택,서울특별시 구로구 경인로20가길 68,서울오류 행복주택,890.0,아파트,LH서울,16,16.84,9.06,37260000,124200,12000000
행복주택,서울특별시 구로구 경인로20가길 68,서울오류 행복주택,890.0,아파트,LH서울,29,29.76,16.02,64160000,213860,25000000
행복주택,서울특별시 구로구 경인로20가길 68,서울오류 행복주택,890.0,아파트,LH서울,36,36.85,19.83,78400000,261330,31000000
행복주택,서울특별시 구로구 경인로20가길 68,서울오류 행복주택,890.0,아파트,LH서울,44,44.83,24.13,94110000,313700,37000000
행복주택,서울특별시 구로구 고척로52나길 25,고척동 156,28.0,아파트,SH공사,45,45.09,26.55,0,0,0
행복주택,서울특별시 구로구 금오로 882,천왕지구 8단지(임대),298.0,아파트,SH공사,29A,29.38,18.51,38080000,130000,0
행복주택,서울특별시 구로구 금오로 882,천왕지구 8단지(임대),298.0,아파트,SH공사,29A-S,29.38,18.51,38080000,130000,0
행복주택,서울특별시 구로구 금오로 882,천왕지구 8단지(임대),298.0,아파트,SH공사,36A,36.87,23.23,56000000,191000,0
행복주택,서울특별시 구로구 금오로 882,천왕지구 8단지(임대),298.0,아파트,SH공사,36A-S,36.87,23.23,53200000,182000,0
행복주택,서울특별시 구로구 금오로 882,천왕지구 8단지(임대),298.0,아파트,SH공사,45A,45.77,28.84,69600000,238000,0
행복주택,서울특별시 구로구 금오로 882,천왕지구 8단지(임대),298.0,아파트,SH공사,45A-S,45.77,28.84,66120000,226000,0
행복주택,서울특별시 서초구 서초중앙로 220,반포래미안아이파크(서초한양),116.0,아파트,SH공사,49,49.84,27.43,140950000,505000,0
행복주택,서울특별시 서초구 서초중앙로 220,반포래미안아이파크(서초한양),116.0,아파트,SH공사,59A,59.95,33.12,169530000,607000,0
행복주택,서울특별시 서초구 서초중앙로 220,반포래미안아이파크(서초한양),116.0,아파트,SH공사,59B,59.97,33.01,169530000,607000,0
행복주택,서울특별시 송파구 송파대로 345,송파헬리오시티(가락시영),1401.0,아파트,SH공사,39A,39.1,22.27,84314000,295100,0
행복주택,서울특별시 송파구 송파대로 345,송파헬리오시티(가락시영),1401.0,아파트,SH공사,39B,39.12,22.41,99200000,347200,0
행복주택,서울특별시 송파구 송파대로 345,송파헬리오시티(가락시영),1401.0,아파트,SH공사,39C,39.86,22.6,94229000,329800,0
행복주택,서울특별시 송파구 송파대로 345,송파헬리오시티(가락시영),1401.0,아파트,SH공사,39D,39.17,22.27,99200000,347200,0
행복주택,서울특별시 송파구 송파대로 345,송파헬리오시티(가락시영),1401.0,아파트,SH공사,49A,49.19,23.28,124800000,436800,0
행복주택,서울특별시 송파구 송파대로 345,송파헬리오시티(가락시영),1401.0,아파트,SH공사,49B,49.32,23.3,124800000,436800,0
행복주택,서울특별시 송파구 송파대로 345,송파헬리오시티(가락시영),1401.0,아파트,SH공사,49C,49.29,23.62,124800000,436800,0
행복주택,서울특별시 송파구 송파대로 345,송파헬리오시티(가락시영),1401.0,아파트,SH공사,49D,49.21,23.31,124800000,436800,0
행복주택,서울특별시 송파구 송파대로 345,송파헬리오시티(가락시영),1401.0,아파트,SH공사,59A,59.96,24.14,152114000,532400,0
행복주택,서울특별시 마포구 성암로 28,서울가좌 행복주택,362.0,아파트,LH서울,16,16.19,14.65,33080000,110260,8000000
행복주택,서울특별시 마포구 성암로 28,서울가좌 행복주택,362.0,아파트,LH서울,16,16.32,14.76,32760000,109200,8000000
행복주택,서울특별시 마포구 성암로 28,서울가좌 행복주택,362.0,아파트,LH서울,16,16.42,14.86,33080000,110260,8000000
행복주택,서울특별시 마포구 성암로 28,서울가좌 행복주택,362.0,아파트,LH서울,16,16.55,14.97,33080000,110260,8000000
행복주택,서울특별시 마포구 성암로 28,서울가좌 행복주택,362.0,아파트,LH서울,29,29.66,26.84,61200000,204000,23000000
행복주택,서울특별시 마포구 성암로 28,서울가좌 행복주택,362.0,아파트,LH서울,29,29.98,27.13,61200000,204000,23000000
행복주택,서울특별시 마포구 성암로 28,서울가좌 행복주택,362.0,아파트,LH서울,36,36.39,32.93,72800000,242660,29000000
행복주택,서울특별시 구로구 오류로 36-13,천왕2지구 도시형생활주택(1),181.0,아파트,SH공사,20A,20.57,12.43,31320000,149000,0
행복주택,서울특별시 구로구 오류로 36-13,천왕2지구 도시형생활주택(1),181.0,아파트,SH공사,20AS,20.57,12.43,31160000,156000,0
행복주택,서울특별시 구로구 오류로 36-13,천왕2지구 도시형생활주택(1),181.0,아파트,SH공사,20B,20.61,11.99,31320000,149000,0
행복주택,서울특별시 구로구 오류로 36-13,천왕2지구 도시형생활주택(1),181.0,아파트,SH공사,32A,32.31,18.54,40200000,201000,0
행복주택,서울특별시 구로구 오류로 36-13,천왕2지구 도시형생활주택(1),181.0,아파트,SH공사,32B,32.64,18.7,51120000,243000,0
행복주택,서울특별시 구로구 오류로 36-13,천왕2지구 도시형생활주택(1),181.0,아파트,SH공사,32BS,32.64,18.7,50920000,255000,0
행복주택,서울특별시 구로구 오류로 36-13,천왕2지구 도시형생활주택(1),181.0,아파트,SH공사,35A,35.21,20.03,58000000,290000,0
행복주택,서울특별시 구로구 항동로 60,항동 하버라인 10단지(임대),297.0,아파트,SH공사,29A,29.69,17.09,39960000,137000,0
행복주택,서울특별시 구로구 항동로 60,항동 하버라인 10단지(임대),297.0,아파트,SH공사,29AS,29.69,17.09,39960000,137000,0
행복주택,서울특별시 구로구 항동로 60,항동 하버라인 10단지(임대),297.0,아파트,SH공사,39A,39.69,22.24,51120000,175000,0
행복주택,서울특별시 구로구 항동로 60,항동 하버라인 10단지(임대),297.0,아파트,SH공사,39AS,39.69,22.24,53960000,185000,0
행복주택,서울특별시 강남구 선릉로 8,래미안블레스티지(개포주공2단지),112.0,아파트,SH공사,49A,49.91,17.86,158670000,595000,0
행복주택,서울특별시 강남구 선릉로 8,래미안블레스티지(개포주공2단지),112.0,아파트,SH공사,59A,59.97,20.96,186930000,701000,0
행복주택,서울특별시 강남구 선릉로 8,래미안블레스티지(개포주공2단지),112.0,아파트,SH공사,59B,59.89,20.9,186930000,701000,0
행복주택,서울특별시 강남구 선릉로 8,래미안블레스티지(개포주공2단지),112.0,아파트,SH공사,59B-1,59.9,20.97,186930000,701000,0
행복주택,서울특별시 강남구 선릉로 8,래미안블레스티지(개포주공2단지),112.0,아파트,SH공사,59C,59.84,20.94,186930000,701000,0
행복주택,서울특별시 강동구 양재대로 1650,래미안 명일역 솔베뉴(삼익그린),156.0,아파트,SH공사,49A,49.66,19.88,103300000,370000,0
행복주택,서울특별시 강동구 양재대로 1650,래미안 명일역 솔베뉴(삼익그린),156.0,아파트,SH공사,49B,49.62,20.74,103300000,370000,0
행복주택,서울특별시 강동구 양재대로 1650,래미안 명일역 솔베뉴(삼익그린),156.0,아파트,SH공사,49C,49.68,20.21,103300000,370000,0
행복주택,서울특별시 강동구 양재대로 1650,래미안 명일역 솔베뉴(삼익그린),156.0,아파트,SH공사,59A,59.11,24.59,123100000,441000,0
행복주택,서울특별시 강동구 양재대로 1650,래미안 명일역 솔베뉴(삼익그린),156.0,아파트,SH공사,59B,59.25,24.85,123100000,441000,0
행복주택,서울특별시 송파구 백제고분로32길 40-5,서울삼전 행복주택,40.0,아파트,LH서울,20,20.36,11.39,41600000,221000,26000000
행복주택,서울특별시 송파구 백제고분로32길 40-5,서울삼전 행복주택,40.0,아파트,LH서울,26,26.21,14.18,53600000,285000,34000000
행복주택,서울특별시 송파구 백제고분로32길 40-5,서울삼전 행복주택,40.0,아파트,LH서울,41,41.39,21.47,76000000,405000,48000000
행복주택,서울특별시 송파구 성내천로47길 22,마천지구 (3단지) 도시형생활주택,148.0,아파트,SH공사,21A,21.92,12.07,41200000,202000,0
행복주택,서울특별시 송파구 성내천로47길 22,마천지구 (3단지) 도시형생활주택,148.0,아파트,SH공사,31A,31.98,16.91,55800000,181000,0
행복주택,서울특별시 송파구 성내천로47길 22,마천지구 (3단지) 도시형생활주택,148.0,아파트,SH공사,31AS,31.98,16.91,55860000,274000,0
행복주택,서울특별시 중랑구 신내역로1길 142,신내3 도시형생활주택(임대),50.0,아파트,SH공사,29A,29.84,25.27,34580000,170000,0
행복주택,서울특별시 중랑구 신내역로1길 142,신내3 도시형생활주택(임대),50.0,아파트,SH공사,29AS,29.71,25.3,34580000,170000,0
행복주택,서울특별시 중랑구 신내역로1길 142,신내3 도시형생활주택(임대),50.0,아파트,SH공사,29B,29.84,25.27,32980000,151000,0
행복주택,서울특별시 중랑구 신내역로1길 142,신내3 도시형생활주택(임대),50.0,아파트,SH공사,29BS,29.71,25.3,32760000,161000,0
행복주택,서울특별시 중랑구 신내역로1길 142,신내3 도시형생활주택(임대),50.0,아파트,SH공사,29C,29.71,25.3,34580000,170000,0
행복주택,서울특별시 중랑구 신내역로1길 142,신내3 도시형생활주택(임대),50.0,아파트,SH공사,29D,29.71,25.3,32760000,161000,0
행복주택,서울특별시 송파구 오금로53길 14,거여 리본타운,128.0,아파트,SH공사,29A,29.84,14.93,52200000,170000,0
행복주택,서울특별시 송파구 오금로53길 14,거여 리본타운,128.0,아파트,SH공사,29B,29.93,14.89,52200000,170000,0
행복주택,서울특별시 송파구 오금로53길 14,거여 리본타운,128.0,아파트,SH공사,29C,29.61,15.08,52200000,170000,0
행복주택,서울특별시 송파구 오금로53길 14,거여 리본타운,128.0,아파트,SH공사,29D,29.58,15.1,52200000,170000,0
행복주택,서울특별시 송파구 오금로53길 14,거여 리본타운,128.0,아파트,SH공사,29E,29.94,14.88,52200000,170000,0
행복주택,서울특별시 송파구 오금로53길 14,거여 리본타운,128.0,아파트,SH공사,29F,29.72,15,55100000,179000,0
행복주택,서울특별시 송파구 오금로53길 14,거여 리본타운,128.0,아파트,SH공사,29G,29.76,14.98,55100000,179000,0
행복주택,서울특별시 송파구 오금로53길 14,거여 리본타운,128.0,아파트,SH공사,30A,30.16,14.74,49300000,160000,0
행복주택,서울특별시 송파구 오금로53길 14,거여 리본타운,128.0,아파트,SH공사,30B,30.41,14.58,52200000,170000,0
행복주택,서울특별시 송파구 오금로53길 14,거여 리본타운,128.0,아파트,SH공사,30C,30.08,14.78,55100000,179000,0
행복주택,서울특별시 송파구 오금로53길 14,거여 리본타운,128.0,아파트,SH공사,36A,36.12,17.12,70000000,227000,0
행복주택,서울특별시 송파구 오금로53길 14,거여 리본타운,128.0,아파트,SH공사,39A,39.18,18.43,76000000,247000,0
행복주택,서울특별시 은평구 가좌로 334,신사효성해링턴플레이스(신사19),22.0,아파트,SH공사,59A,59.94,23.45,94506000,385900,0
행복주택,서울특별시 강남구 개포로110길 50,래미안개포루체하임(일원동현대),50.0,아파트,SH공사,49,49.99,25.37,155730000,584000,0
행복주택,서울특별시 강남구 개포로110길 50,래미안개포루체하임(일원동현대),50.0,아파트,SH공사,59A,59.99,26.18,184800000,693000,0
행복주택,서울특별시 강남구 개포로110길 50,래미안개포루체하임(일원동현대),50.0,아파트,SH공사,59B,59.97,27.09,184800000,693000,0
행복주택,서울특별시 강남구 개포로110길 50,래미안개포루체하임(일원동현대),50.0,아파트,SH공사,59C,59.98,26.67,184800000,693000,0
행복주택,서울특별시 서초구 잠원로 60,신반포자이(반포한양),71.0,아파트,SH공사,59A,59.93,26.09,189349000,678500,0
행복주택,서울특별시 서초구 잠원로 60,신반포자이(반포한양),71.0,아파트,SH공사,59B,59.35,25.99,189349000,678500,0
행복주택,서울특별시 서초구 잠원로 60,신반포자이(반포한양),71.0,아파트,SH공사,59C,59.86,26.39,189349000,678500,0
행복주택,서울특별시 강서구 강서로 515,가양동 1457-1 모듈러 행복주택,30.0,다세대주택,SH공사,16A,16.05,16.16,26280000,118000,0
행복주택,서울특별시 강서구 강서로 515,가양동 1457-1 모듈러 행복주택,30.0,다세대주택,SH공사,16AS,16.05,16.16,26280000,118000,0
행복주택,서울특별시 강서구 강서로 515,가양동 1457-1 모듈러 행복주택,30.0,다세대주택,SH공사,16AW,16.05,16.16,27000000,128000,0
행복주택,서울특별시 강서구 강서로 515,가양동 1457-1 모듈러 행복주택,30.0,다세대주택,SH공사,16B,16.06,13.75,27000000,128000,0
행복주택,서울특별시 강서구 강서로 515,가양동 1457-1 모듈러 행복주택,30.0,다세대주택,SH공사,16BW,16.06,13.75,26280000,118000,0
행복주택,서울특별시 강서구 강서로 515,가양동 1457-1 모듈러 행복주택,30.0,다세대주택,SH공사,34,34.47,32.44,55440000,249000,0
행복주택,서울특별시 강서구 강서로 515,가양동 1457-1 모듈러 행복주택,30.0,다세대주택,SH공사,34W,34.47,32.44,55440000,249000,0
행복주택,서울특별시 동대문구 천호대로55길 11,힐스테이트 청계(대농신안,114.0,아파트,SH공사,40,40.6,22.08,76770000,281000,0
행복주택,서울특별시 동대문구 천호대로55길 11,힐스테이트 청계(대농신안,114.0,아파트,SH공사,48,48.98,25,91440000,335000,0
행복주택,서울특별시 강북구 오현로 45,꿈의숲 효성해링턴플레이스(미아9-1),88.0,아파트,SH공사,46,46.68,15.69,62800000,293000,0
행복주택,서울특별시 강북구 오현로 45,꿈의숲 효성해링턴플레이스(미아9-1),88.0,아파트,SH공사,49,49.48,16.16,66900000,312000,0
행복주택,서울특별시 강남구 삼성로 629,삼성동 센트럴 IPARK(상아3차),57.0,아파트,SH공사,49A,49.96,24.27,146120000,523000,0
행복주택,서울특별시 강남구 삼성로 629,삼성동 센트럴 IPARK(상아3차),57.0,아파트,SH공사,49B,49.94,24.97,146120000,523000,0
행복주택,서울특별시 구로구 연동로 191-5,항동 하버라인 11단지,276.0,아파트,SH공사,29A,29.69,17.5,39960000,137000,0
행복주택,서울특별시 구로구 연동로 191-5,항동 하버라인 11단지,276.0,아파트,SH공사,29AS,29.69,17.5,39960000,137000,0
행복주택,서울특별시 구로구 연동로 191-5,항동 하버라인 11단지,276.0,아파트,SH공사,39A,39.69,22.77,51120000,175000,0
행복주택,서울특별시 구로구 연동로 191-5,항동 하버라인 11단지,276.0,아파트,SH공사,39AS,39.69,22.77,53960000,185000,0
행복주택,서울특별시 강동구 고덕로 333,고덕 그라시움(고덕2),140.0,아파트,SH공사,59A,59.79,22.76,122800000,440000,0
행복주택,서울특별시 강동구 고덕로 333,고덕 그라시움(고덕2),140.0,아파트,SH공사,59B,59.51,23.09,122800000,440000,0
행복주택,서울특별시 강동구 고덕로 333,고덕 그라시움(고덕2),140.0,아파트,SH공사,59C,59.02,23.37,122800000,440000,0
행복주택,서울특별시 강동구 고덕로 333,고덕 그라시움(고덕2),140.0,아파트,SH공사,59D,59.05,23.31,122800000,440000,0
행복주택,서울특별시 서초구 명달로9길 57,방배아트자이(방배3),41.0,아파트,SH공사,59A,59.99,20.57,165200000,592000,0
행복주택,서울특별시 서초구 명달로9길 57,방배아트자이(방배3),41.0,아파트,SH공사,59B,59.98,20.77,165200000,592000,0
행복주택,서울특별시 서초구 명달로9길 57,방배아트자이(방배3),41.0,아파트,SH공사,59C,59.9,20.68,165200000,592000,0
행복주택,서울특별시 노원구 누원로 19,수락리버타운,48.0,아파트,SH공사,21A,21.92,13.35,31880000,168000,0
행복주택,서울특별시 노원구 누원로 19,수락리버타운,48.0,아파트,SH공사,21AS,21.92,13.35,30362000,167000,0
행복주택,서울특별시 노원구 누원로 19,수락리버타운,48.0,아파트,SH공사,31A,31.98,19.62,47450000,250000,0
행복주택,서울특별시 서초구 서운로 104,래미안서초에스티지S(서초우성2차),91.0,아파트,SH공사,59A,59.5,26.88,160930000,576000,0
행복주택,서울특별시 서초구 서운로 104,래미안서초에스티지S(서초우성2차),91.0,아파트,SH공사,59B,59.36,27.53,160930000,576000,0
행복주택,서울특별시 중랑구 신내역로 160,신내3지구 4단지 도시형생활주택,289.0,아파트,SH공사,21A,21.96,11.82,34340000,123000,0
행복주택,서울특별시 중랑구 신내역로 160,신내3지구 4단지 도시형생활주택,289.0,아파트,SH공사,21AS,21.96,11.82,34340000,123000,0
행복주택,서울특별시 중랑구 신내역로 160,신내3지구 4단지 도시형생활주택,289.0,아파트,SH공사,31A,31.85,16.45,54720000,196000,0
행복주택,서울특별시 중랑구 신내역로 160,신내3지구 4단지 도시형생활주택,289.0,아파트,SH공사,31AS,31.85,16.45,54720000,196000,0
행복주택,서울특별시 구로구 항동로 68,항동 하버라인 9단지,298.0,아파트,SH공사,29A,29.69,17.35,39960000,137000,0
행복주택,서울특별시 구로구 항동로 68,항동 하버라인 9단지,298.0,아파트,SH공사,29AS,29.69,17.35,39960000,137000,0
행복주택,서울특별시 구로구 항동로 68,항동 하버라인 9단지,298.0,아파트,SH공사,39A,39.69,22.59,48280000,165000,0
행복주택,서울특별시 구로구 항동로 68,항동 하버라인 9단지,298.0,아파트,SH공사,39AS,39.69,22.59,53960000,185000,0
행복주택,서울특별시 동작구 사당로23길 112,래미안 로이파크(사당1구역),58.0,아파트,SH공사,59A,59.98,20.39,126740000,475000,0
행복주택,서울특별시 동작구 사당로23길 112,래미안 로이파크(사당1구역),58.0,아파트,SH공사,59B,59.98,21.52,126740000,475000,0
행복주택,서울특별시 관악구 청룡10길 45,e편한세상 서울대입구(봉천12-2구역),47.0,아파트,SH공사,50,50.24,21.6,84700000,346000,0
행복주택,서울특별시 관악구 청룡10길 45,e편한세상 서울대입구(봉천12-2구역),47.0,아파트,SH공사,59A1,59.9,22.18,103800000,424000,0
행복주택,서울특별시 관악구 청룡10길 45,e편한세상 서울대입구(봉천12-2구역),47.0,아파트,SH공사,59A2,59.9,22.7,103800000,424000,0
행복주택,서울특별시 관악구 청룡10길 45,e편한세상 서울대입구(봉천12-2구역),47.0,아파트,SH공사,59B,59.88,22.71,103800000,424000,0
행복주택,서울특별시 관악구 청룡10길 45,e편한세상 서울대입구(봉천12-2구역),47.0,아파트,SH공사,59C,59.96,20.88,103800000,424000,0
행복주택,서울특별시 관악구 청룡10길 45,e편한세상 서울대입구(봉천12-2구역),47.0,아파트,SH공사,59D1,59.96,22.02,103800000,424000,0
행복주택,서울특별시 관악구 청룡10길 45,e편한세상 서울대입구(봉천12-2구역),47.0,아파트,SH공사,59D2,59.96,22.19,103800000,424000,0
행복주택,서울특별시 강동구 고덕로97길 100,강일리버파크 11,346.0,아파트,SH공사,29A,29.96,17.48,52800000,198000,0
행복주택,서울특별시 강동구 고덕로97길 100,강일리버파크 11,346.0,아파트,SH공사,29A-S,29.96,17.48,49870000,246000,0
행복주택,서울특별시 강동구 고덕로97길 100,강일리버파크 11,346.0,아파트,SH공사,29B,29.97,17.42,52800000,198000,0
행복주택,서울특별시 강동구 고덕로97길 100,강일리버파크 11,346.0,아파트,SH공사,29B-S,29.97,17.42,49870000,246000,0
행복주택,서울특별시 구로구 오리로 1102-13,천왕2지구 도시형생활주택(2),138.0,아파트,SH공사,19,19.83,10.63,30240000,139000,0
행복주택,서울특별시 구로구 오리로 1102-13,천왕2지구 도시형생활주택(2),138.0,아파트,SH공사,22,22.23,12.42,30960000,155000,0
행복주택,서울특별시 구로구 오리로 1102-13,천왕2지구 도시형생활주택(2),138.0,아파트,SH공사,22S,22.23,12.42,32680000,163000,0
행복주택,서울특별시 구로구 오리로 1102-13,천왕2지구 도시형생활주택(2),138.0,아파트,SH공사,31,31.06,15.85,44640000,223000,0
행복주택,서울특별시 구로구 오리로 1102-13,천왕2지구 도시형생활주택(2),138.0,아파트,SH공사,31S,31.06,15.85,47120000,236000,0
행복주택,서울특별시 구로구 오리로 1102-13,천왕2지구 도시형생활주택(2),138.0,아파트,SH공사,33,33.63,17.22,48240000,241000,0
행복주택,서울특별시 구로구 오리로 1102-13,천왕2지구 도시형생활주택(2),138.0,아파트,SH공사,33S,33.63,17.22,50920000,255000,0
행복주택,서울특별시 구로구 오리로 1102-13,천왕2지구 도시형생활주택(2),138.0,아파트,SH공사,40A,40.28,20.41,65600000,312000,0
행복주택,서울특별시 구로구 오리로 1102-13,천왕2지구 도시형생활주택(2),138.0,아파트,SH공사,40B,40.1,20.09,65600000,312000,0
행복주택,서울특별시 서초구 고무래로 89,반포센트럴푸르지오써밋(삼호가든4차),130.0,아파트,SH공사,49,49.8,15.91,138780000,497000,0
행복주택,서울특별시 서초구 고무래로 89,반포센트럴푸르지오써밋(삼호가든4차),130.0,아파트,SH공사,59C,59.32,19.54,165320000,592000,0
행복주택,서울특별시 동대문구 휘경로 60,휘경 SK VIEW아파트(휘경2구역),16.0,아파트,SH공사,59B,59.65,21.78,89700000,411000,0
행복주택,부산광역시 기장군 정관읍 정관1로 51,부산정관 행복주택(A-4BL),856.0,아파트,LH부산울산,16,16.78,8.36,12920000,75000,3000000
행복주택,부산광역시 기장군 정관읍 정관1로 51,부산정관 행복주택(A-4BL),856.0,아파트,LH부산울산,26,26.75,13.33,20400000,119000,11000000
행복주택,부산광역시 기장군 정관읍 정관1로 51,부산정관 행복주택(A-4BL),856.0,아파트,LH부산울산,26,26.78,13.35,20400000,119000,11000000
행복주택,부산광역시 기장군 정관읍 정관1로 51,부산정관 행복주택(A-4BL),856.0,아파트,LH부산울산,36,36.48,18.19,27200000,158000,18000000
행복주택,부산광역시 동래구 반송로 158,동래 행복주택,395.0,아파트,부산도시공사,19A,19.30,11.91,23783000,99070,11285485
행복주택,부산광역시 동래구 반송로 158,동래 행복주택,395.0,아파트,부산도시공사,19A1,19.30,11.77,23783000,99070,11285485
행복주택,부산광역시 동래구 반송로 158,동래 행복주택,395.0,아파트,부산도시공사,25A,25.18,15.20,30068000,125268,14750625
행복주택,부산광역시 동래구 반송로 158,동래 행복주택,395.0,아파트,부산도시공사,29A,29.06,17.35,36882000,153629,18222000
행복주택,부산광역시 동래구 반송로 158,동래 행복주택,395.0,아파트,부산도시공사,32A,32.50,19.00,44880000,187000,22000000
행복주택,부산광역시 동래구 반송로 158,동래 행복주택,395.0,아파트,부산도시공사,32A1,32.41,18.82,44760000,186500,22000000
행복주택,부산광역시 동래구 반송로 158,동래 행복주택,395.0,아파트,부산도시공사,36A,36.40,21.32,49396000,205757,23869304
행복주택,부산광역시 동래구 반송로 158,동래 행복주택,395.0,아파트,부산도시공사,36B,36.40,21.32,49396000,205757,23869304
행복주택,부산광역시 동래구 반송로 158,동래 행복주택,395.0,아파트,부산도시공사,36C,36.69,21.42,50120000,208800,25000000
행복주택,부산광역시 남구 동명로 183,부산용호(행복주택),14.0,아파트,LH부산울산,16,16.44,11.87,16000000,104000,6000000
행복주택,부산광역시 남구 동명로 183,부산용호(행복주택),14.0,아파트,LH부산울산,16,16.92,12.21,16000000,104000,6000000
행복주택,대구광역시 달성군 현풍읍 테크노북로4길 27,대구테크노폴리스 LH천년나무3단지,1020.0,아파트,LH대구경북,21,21.86,12.88,15560000,77800,3000000
행복주택,대구광역시 달성군 현풍읍 테크노북로4길 27,대구테크노폴리스 LH천년나무3단지,1020.0,아파트,LH대구경북,36,36.92,21.75,25480000,127400,13000000
행복주택,대구광역시 동구 메디밸리로 18,대구신서혁신 LH천년나무10단지(A-3),1088.0,아파트,LH대구경북,21,21.56,12.77,18321000,98890,7000000
행복주택,대구광역시 동구 메디밸리로 18,대구신서혁신 LH천년나무10단지(A-3),1088.0,아파트,LH대구경북,26,26.62,15.77,23214000,124920,12000000
행복주택,대구광역시 동구 메디밸리로 18,대구신서혁신 LH천년나무10단지(A-3),1088.0,아파트,LH대구경북,36,36.74,21.76,33728000,182170,21000000
행복주택,대구광역시 북구 동화천로 280,대구연경 A3블록 행복주택,600.0,아파트,LH대구경북,16,16.66,8.25,15160000,78320,0
행복주택,대구광역시 북구 동화천로 280,대구연경 A3블록 행복주택,600.0,아파트,LH대구경북,26,26.62,13.18,24000000,124000,7000000
행복주택,대구광역시 북구 동화천로 280,대구연경 A3블록 행복주택,600.0,아파트,LH대구경북,26,26.73,13.24,24080000,124410,7000000
행복주택,대구광역시 북구 동화천로 280,대구연경 A3블록 행복주택,600.0,아파트,LH대구경북,26,26.82,13.28,24160000,124820,7000000
행복주택,대구광역시 북구 동화천로 280,대구연경 A3블록 행복주택,600.0,아파트,LH대구경북,36,36.57,18.11,32960000,170290,14000000
행복주택,대구광역시 북구 동화천로 280,대구연경 A3블록 행복주택,600.0,아파트,LH대구경북,36,36.71,18.18,33080000,170910,14000000
행복주택,대구광역시 달서구 갈밭로 33,대구대곡2 A블록 행복주택,408.0,아파트,LH대구경북,21,21.71,12.65,20560000,111360,10000000
행복주택,대구광역시 달서구 갈밭로 33,대구대곡2 A블록 행복주택,408.0,아파트,LH대구경북,21,21.8,12.70,20240000,109630,9000000
행복주택,대구광역시 달서구 갈밭로 33,대구대곡2 A블록 행복주택,408.0,아파트,LH대구경북,25,25.13,14.64,23320000,126310,13000000
행복주택,대구광역시 달서구 갈밭로 33,대구대곡2 A블록 행복주택,408.0,아파트,LH대구경북,36,36.49,21.26,33880000,183510,22000000
행복주택,인천광역시 중구 영종대로252번길 12,인천영종 A2 행복주택,990.0,아파트,LH인천,16,16.57,9.18,16000000,73000,2000000
행복주택,인천광역시 중구 영종대로252번길 12,인천영종 A2 행복주택,990.0,아파트,LH인천,22,22.41,12.42,22000000,100000,8000000
행복주택,인천광역시 중구 영종대로252번길 12,인천영종 A2 행복주택,990.0,아파트,LH인천,22,22.84,12.65,22400000,102000,8000000
행복주택,인천광역시 중구 영종대로252번길 12,인천영종 A2 행복주택,990.0,아파트,LH인천,26,26.64,14.76,26000000,119000,11000000
행복주택,인천광역시 중구 영종대로252번길 12,인천영종 A2 행복주택,990.0,아파트,LH인천,36,36.21,20.07,36000000,165000,19000000
행복주택,인천광역시 미추홀구 낙섬중로 129,인천용마루 3BL 행복주택,1500.0,아파트,LH인천,16,16.97,10.88,17488000,91608,6000000
행복주택,인천광역시 미추홀구 낙섬중로 129,인천용마루 3BL 행복주택,1500.0,아파트,LH인천,16,16.98,10.89,17905000,93690,6000000
행복주택,인천광역시 미추홀구 낙섬중로 129,인천용마루 3BL 행복주택,1500.0,아파트,LH인천,21,21.97,14.05,23734000,123870,12000000
행복주택,인천광역시 미추홀구 낙섬중로 129,인천용마루 3BL 행복주택,1500.0,아파트,LH인천,29,29.78,16.85,31688000,165510,19000000
행복주택,인천광역시 미추홀구 낙섬중로 129,인천용마루 3BL 행복주택,1500.0,아파트,LH인천,29,29.93,16.93,31854000,166560,19000000
행복주택,인천광역시 미추홀구 낙섬중로 129,인천용마루 3BL 행복주택,1500.0,아파트,LH인천,36,36.64,23.51,39974000,207200,24000000
행복주택,인천광역시 남동구 논현로 81,인천논현2 4BL 행복주택,412.0,아파트,LH인천,16,16.65,8.99,20400000,103000,8000000
행복주택,인천광역시 남동구 논현로 81,인천논현2 4BL 행복주택,412.0,아파트,LH인천,26,26.71,14.42,33200000,168000,20000000
행복주택,인천광역시 남동구 논현로 81,인천논현2 4BL 행복주택,412.0,아파트,LH인천,36,36.63,19.77,45600000,231000,27000000
행복주택,인천광역시 미추홀구 주안로 117-16,인천주안역 행복주택,140.0,아파트,LH인천,16,16.83,11.54,13938000,70780,2000000
행복주택,인천광역시 미추홀구 주안로 117-16,인천주안역 행복주택,140.0,아파트,LH인천,16,16.96,11.63,14440000,73910,2000000
행복주택,인천광역시 미추홀구 주안로 117-16,인천주안역 행복주택,140.0,아파트,LH인천,29,29.44,20.19,27565000,158500,19000000
행복주택,인천광역시 남동구 서창남로 109,인천서창 행복주택 15BL,678.0,아파트,LH인천,21,21.74,13.40,23200000,108000,9000000
행복주택,인천광역시 남동구 서창남로 109,인천서창 행복주택 15BL,678.0,아파트,LH인천,21,21.77,13.42,22800000,106000,9000000
행복주택,인천광역시 남동구 서창남로 109,인천서창 행복주택 15BL,678.0,아파트,LH인천,21,21.98,13.55,23200000,108000,9000000
행복주택,인천광역시 남동구 서창남로 109,인천서창 행복주택 15BL,678.0,아파트,LH인천,26,26.9,16.59,28800000,134000,14000000
행복주택,인천광역시 남동구 서창남로 109,인천서창 행복주택 15BL,678.0,아파트,LH인천,26,26.94,16.61,28800000,134000,14000000
행복주택,인천광역시 남동구 서창남로 109,인천서창 행복주택 15BL,678.0,아파트,LH인천,36,36.85,22.72,40400000,188000,22000000
행복주택,인천광역시 남동구 서창남로 109,인천서창 행복주택 15BL,678.0,아파트,LH인천,36,36.97,22.80,40400000,188000,22000000
행복주택,광주광역시 남구 행암길 9,광주효천2 A-4BL,902.0,아파트,LH광주전남,16,16.99,9.57,14616000,81000,4000000
행복주택,광주광역시 남구 행암길 9,광주효천2 A-4BL,902.0,아파트,LH광주전남,26,26.54,14.95,23370000,130000,14000000
행복주택,광주광역시 남구 행암길 9,광주효천2 A-4BL,902.0,아파트,LH광주전남,26,26.58,14.97,23370000,130000,14000000
행복주택,광주광역시 남구 행암길 9,광주효천2 A-4BL,902.0,아파트,LH광주전남,36,36.81,20.73,33800000,188000,22000000
행복주택,광주광역시 남구 행암길 9,광주효천2 A-4BL,902.0,아파트,LH광주전남,36,36.93,20.80,32110000,179000,21000000
행복주택,광주광역시 남구 행암길 9,광주효천2 A-4BL,902.0,아파트,LH광주전남,44,44.78,25.22,41120000,229000,27000000
행복주택,광주광역시 남구 행암길 9,광주효천2 A-4BL,902.0,아파트,LH광주전남,44,44.96,25.32,39064000,218000,26000000
행복주택,광주광역시 남구 노대실로 9,광주진월,460.0,아파트,LH광주전남,16,16.85,8.34,12780000,74000,2000000
행복주택,광주광역시 남구 노대실로 9,광주진월,460.0,아파트,LH광주전남,26,26.93,13.34,21540000,125000,13000000
행복주택,광주광역시 남구 노대실로 9,광주진월,460.0,아파트,LH광주전남,36,36.72,18.19,30920000,180000,21000000
행복주택,광주광역시 광산구 무진대로 246-7,광주우산,361.0,아파트,LH광주전남,16,16.33,8.06,14508000,87000,5000000
행복주택,광주광역시 광산구 무진대로 246-7,광주우산,361.0,아파트,LH광주전남,16,16.84,8.32,14508000,87000,5000000
행복주택,광주광역시 광산구 무진대로 246-7,광주우산,361.0,아파트,LH광주전남,16,16.86,8.33,14508000,87000,5000000
행복주택,광주광역시 광산구 무진대로 246-7,광주우산,361.0,아파트,LH광주전남,26,26.41,13.05,21384000,128000,13000000
행복주택,광주광역시 광산구 무진대로 246-7,광주우산,361.0,아파트,LH광주전남,26,26.6,13.14,22572000,135000,15000000
행복주택,광주광역시 광산구 무진대로 246-7,광주우산,361.0,아파트,LH광주전남,36,36.44,18.00,32080000,192000,23000000
행복주택,광주광역시 동구 용산2로 20,광주용산(행복주택),264.0,아파트,LH광주전남,21,21.39,10.52,16990000,80000,4000000
행복주택,광주광역시 동구 용산2로 20,광주용산(행복주택),264.0,아파트,LH광주전남,26,26.9,13.23,22110000,105000,9000000
행복주택,광주광역시 동구 용산2로 20,광주용산(행복주택),264.0,아파트,LH광주전남,36,36.63,18.02,31680000,150000,18000000
행복주택,광주광역시 광산구 용아로 175-6,광주하남,300.0,아파트,LH광주전남,16,16.35,9.62,13392000,80000,4000000
행복주택,광주광역시 광산구 용아로 175-6,광주하남,300.0,아파트,LH광주전남,26,26.03,15.32,20088000,120000,12000000
행복주택,광주광역시 광산구 용아로 175-6,광주하남,300.0,아파트,LH광주전남,36,36.02,21.20,30200000,181000,21000000
행복주택,대전광역시 서구 계백로 1111,도안LH 행복1단지,182.0,아파트,LH대전충남,16,16.93,10.93,18400000,92000,4000000
행복주택,대전광역시 서구 계백로 1111,도안LH 행복1단지,182.0,아파트,LH대전충남,26,26.18,16.91,27600000,138000,14000000
행복주택,대전광역시 서구 계백로 1111,도안LH 행복1단지,182.0,아파트,LH대전충남,36,36.77,23.75,36400000,182000,21000000
행복주택,대전광역시 유성구 와룡로136번길 97,대전봉산 A3BL 행복주택,578.0,아파트,LH대전충남,16,16.85,9.29,15600000,76000,1000000
행복주택,대전광역시 유성구 와룡로136번길 97,대전봉산 A3BL 행복주택,578.0,아파트,LH대전충남,26,26.64,14.68,23200000,114000,9000000
행복주택,대전광역시 유성구 와룡로136번길 97,대전봉산 A3BL 행복주택,578.0,아파트,LH대전충남,36,36.86,20.32,32000000,157000,18000000
행복주택,대전광역시 중구 목중로39번길 35-14,대전목동2 행복주택,98.0,아파트,LH대전충남,16,16.83,7.05,18800000,94000,4000000
행복주택,대전광역시 중구 목중로39번길 35-14,대전목동2 행복주택,98.0,아파트,LH대전충남,26,26.51,11.11,28400000,142000,14000000
행복주택,대전광역시 중구 목중로39번길 35-14,대전목동2 행복주택,98.0,아파트,LH대전충남,36,36.92,15.48,36400000,182000,21000000
행복주택,울산광역시 남구 여천로12번길 50,울산남구(행복주택),100.0,아파트,LH부산울산,16,16.67,8.92,16000000,93000,6000000
행복주택,울산광역시 남구 여천로12번길 50,울산남구(행복주택),100.0,아파트,LH부산울산,26,26.11,13.97,25340000,147000,17000000
행복주택,울산광역시 남구 여천로12번길 50,울산남구(행복주택),100.0,아파트,LH부산울산,26,26.26,14.05,24670000,143000,16000000
행복주택,울산광역시 남구 여천로12번길 50,울산남구(행복주택),100.0,아파트,LH부산울산,36,36.16,19.35,36540000,213000,25000000
행복주택,울산광역시 북구 박상진4로 56,울산송정 행복주택(A-1BL),946.0,아파트,LH부산울산,16,16.97,10.78,15480000,86000,5000000
행복주택,울산광역시 북구 박상진4로 56,울산송정 행복주택(A-1BL),946.0,아파트,LH부산울산,26,26.96,17.13,24360000,133000,14000000
행복주택,울산광역시 북구 박상진4로 56,울산송정 행복주택(A-1BL),946.0,아파트,LH부산울산,36,36.85,23.41,34800000,203000,24000000
행복주택,세종특별자치시 조치원읍 조치원중고길 7,세종서창 행복주택,450.0,아파트,LH세종,19,19.32,11.08,14040000,72000,2000000
행복주택,세종특별자치시 조치원읍 조치원중고길 7,세종서창 행복주택,450.0,아파트,LH세종,34,34.15,19.59,23200000,119000,11000000
행복주택,세종특별자치시 조치원읍 조치원중고길 7,세종서창 행복주택,450.0,아파트,LH세종,38,38.2,21.91,25760000,133000,14000000
행복주택,세종특별자치시 조치원읍 조치원중고길 7,세종서창 행복주택,450.0,아파트,LH세종,38,38.25,21.94,25760000,133000,14000000
행복주택,세종특별자치시 조치원읍 조치원중고길 7,세종서창 행복주택,450.0,아파트,LH세종,38,38.28,21.95,25760000,133000,14000000
행복주택,세종특별자치시 조치원읍 조치원중고길 7,세종서창 행복주택,450.0,아파트,LH세종,44,44.02,25.25,29200000,150000,18000000
행복주택,경기도 파주시 문발로 430,파주출판 행복주택 C76BL,280.0,아파트,LH인천,16,16.47,9.88,16000000,72000,2000000
행복주택,경기도 파주시 문발로 430,파주출판 행복주택 C76BL,280.0,아파트,LH인천,26,26.23,15.74,25600000,115000,11000000
행복주택,경기도 파주시 문발로 430,파주출판 행복주택 C76BL,280.0,아파트,LH인천,36,36.39,21.83,35200000,158000,18000000
행복주택,경기도 화성시 동탄순환대로2길 13,화성동탄2 A-82블록 행복주택,820.0,아파트,LH경기,16,16.65,8.62,21040000,84860,4000000
행복주택,경기도 화성시 동탄순환대로2길 13,화성동탄2 A-82블록 행복주택,820.0,아파트,LH경기,26,26.26,13.60,33080000,132000,14000000
행복주택,경기도 화성시 동탄순환대로2길 13,화성동탄2 A-82블록 행복주택,820.0,아파트,LH경기,34,34.91,18.08,43960000,175000,21000000
행복주택,경기도 화성시 동탄순환대로2길 13,화성동탄2 A-82블록 행복주택,820.0,아파트,LH경기,36,36.43,18.87,46320000,185530,22000000
행복주택,경기도 화성시 동탄순환대로2길 13,화성동탄2 A-82블록 행복주택,820.0,아파트,LH경기,42,42.42,21.97,53960000,216020,25000000
행복주택,경기도 파주시 교하로 20,파주운정 A21블록(행복주택),1700.0,아파트,LH인천,16,16.06,10.53,17360000,78000,3000000
행복주택,경기도 파주시 교하로 20,파주운정 A21블록(행복주택),1700.0,아파트,LH인천,21,21.02,13.79,23200000,104000,8000000
행복주택,경기도 파주시 교하로 20,파주운정 A21블록(행복주택),1700.0,아파트,LH인천,26,26.02,17.07,29360000,132000,14000000
행복주택,경기도 파주시 교하로 20,파주운정 A21블록(행복주택),1700.0,아파트,LH인천,26,26.03,17.08,29360000,132000,14000000
행복주택,경기도 파주시 교하로 20,파주운정 A21블록(행복주택),1700.0,아파트,LH인천,26,26.59,17.44,29400000,132000,14000000
행복주택,경기도 파주시 교하로 20,파주운정 A21블록(행복주택),1700.0,아파트,LH인천,36,36.04,23.64,40640000,182000,21000000
행복주택,경기도 파주시 교하로 20,파주운정 A21블록(행복주택),1700.0,아파트,LH인천,36,36.22,23.76,40840000,183000,21000000
행복주택,경기도 부천시 중동로 88,부천중동1 행복주택,26.0,아파트,LH인천,16,16.34,11.35,27200000,113000,10000000
행복주택,경기도 부천시 중동로 88,부천중동1 행복주택,26.0,아파트,LH인천,36,36.79,25.57,62400000,260000,31000000
행복주택,경기도 화성시 봉담읍 상리3길 111,화성봉담2 A-6 행복주택,602.0,아파트,LH경기,16,16.13,10.29,18400000,76660,3000000
행복주택,경기도 화성시 봉담읍 상리3길 111,화성봉담2 A-6 행복주택,602.0,아파트,LH경기,16,16.26,10.38,18400000,76660,3000000
행복주택,경기도 화성시 봉담읍 상리3길 111,화성봉담2 A-6 행복주택,602.0,아파트,LH경기,26,26.17,16.70,29200000,121660,12000000
행복주택,경기도 화성시 봉담읍 상리3길 111,화성봉담2 A-6 행복주택,602.0,아파트,LH경기,26,26.24,16.75,29200000,121660,12000000
행복주택,경기도 화성시 봉담읍 상리3길 111,화성봉담2 A-6 행복주택,602.0,아파트,LH경기,36,36.24,23.13,39200000,163330,19000000
행복주택,경기도 화성시 봉담읍 상리3길 111,화성봉담2 A-6 행복주택,602.0,아파트,LH경기,36,36.38,23.22,39200000,163330,19000000
행복주택,경기도 김포시 김포한강4로 564,김포한강한가람마을(행복주택Ac-01),1500.0,아파트,LH인천,21,21.41,12.10,21600000,90000,6000000
행복주택,경기도 김포시 김포한강4로 564,김포한강한가람마을(행복주택Ac-01),1500.0,아파트,LH인천,26,26.08,14.74,26400000,110000,10000000
행복주택,경기도 김포시 김포한강4로 564,김포한강한가람마을(행복주택Ac-01),1500.0,아파트,LH인천,36,36.5,20.64,37600000,170000,20000000
행복주택,경기도 용인시 처인구 금령로40번길 15-5,용인김량장(행복),70.0,아파트,LH경기,16,16.39,9.67,21396000,111430,10000000
행복주택,경기도 용인시 처인구 금령로40번길 15-5,용인김량장(행복),70.0,아파트,LH경기,16,16.42,9.69,21396000,111430,10000000
행복주택,경기도 용인시 처인구 금령로40번길 15-5,용인김량장(행복),70.0,아파트,LH경기,26,26.41,15.59,31864000,165950,19000000
행복주택,경기도 용인시 처인구 금령로40번길 15-5,용인김량장(행복),70.0,아파트,LH경기,36,36.08,21.30,43216000,231000,27000000
행복주택,경기도 용인시 처인구 금령로40번길 15-5,용인김량장(행복),70.0,아파트,LH경기,36,36.32,21.44,43216000,231000,27000000
행복주택,경기도 고양시 덕양구 오부자로 150,고양지축 행복주택 A-3,890.0,아파트,LH인천,16,16.65,9.22,28000000,123000,12000000
행복주택,경기도 고양시 덕양구 오부자로 150,고양지축 행복주택 A-3,890.0,아파트,LH인천,26,26.62,14.75,44800000,197000,23000000
행복주택,경기도 고양시 덕양구 오부자로 150,고양지축 행복주택 A-3,890.0,아파트,LH인천,26,26.64,14.76,44800000,197000,23000000
행복주택,경기도 고양시 덕양구 오부자로 150,고양지축 행복주택 A-3,890.0,아파트,LH인천,36,36.63,20.30,62800000,277000,33000000
행복주택,경기도 의정부시 평화로 399-8,의정부호원 행복주택,166.0,아파트,LH서울,16,16.92,9.38,19440000,89000,5000000
행복주택,경기도 의정부시 평화로 399-8,의정부호원 행복주택,166.0,아파트,LH서울,29,29.59,16.40,34350000,157000,18000000
행복주택,경기도 의정부시 평화로 399-8,의정부호원 행복주택,166.0,아파트,LH서울,36,36.81,20.40,44960000,206000,24000000
행복주택,경기도 오산시 대호로 39,오산청학 H-1 행복주택,178.0,아파트,LH경기,16,16.66,8.82,18800000,78000,3000000
행복주택,경기도 오산시 대호로 39,오산청학 H-1 행복주택,178.0,아파트,LH경기,26,26.36,13.97,28400000,118000,10000000
행복주택,경기도 오산시 대호로 39,오산청학 H-1 행복주택,178.0,아파트,LH경기,36,36.62,19.40,39200000,163000,19000000
행복주택,경기도 성남시 수정구 고등로 57,성남고등 A-1 행복주택리츠,1040.0,아파트,LH경기,16,16.45,8.13,32004000,140000,16000000
행복주택,경기도 성남시 수정구 고등로 57,성남고등 A-1 행복주택리츠,1040.0,아파트,LH경기,26,26.52,13.12,54378000,238000,28000000
행복주택,경기도 성남시 수정구 고등로 57,성남고등 A-1 행복주택리츠,1040.0,아파트,LH경기,36,36.37,17.99,75400000,330000,39000000
행복주택,경기도 화성시 향남읍 발안공단로 92-12,화성발안 A-1 행복주택,608.0,아파트,LH경기,16,16.92,13.16,15200000,83000,4000000
행복주택,경기도 화성시 향남읍 발안공단로 92-12,화성발안 A-1 행복주택,608.0,아파트,LH경기,26,26.82,20.87,24000000,132000,14000000
행복주택,경기도 화성시 향남읍 발안공단로 92-12,화성발안 A-1 행복주택,608.0,아파트,LH경기,44,44.69,34.78,39200000,215000,25000000
행복주택,경기도 고양시 덕양구 원흥1로 25,삼송11단지,832.0,아파트,LH인천,21,21.75,12.40,31560000,142000,16000000
행복주택,경기도 고양시 덕양구 원흥1로 25,삼송11단지,832.0,아파트,LH인천,21,21.84,12.45,31360000,141000,16000000
행복주택,경기도 고양시 덕양구 원흥1로 25,삼송11단지,832.0,아파트,LH인천,26,26.55,15.14,38520000,173000,20000000
행복주택,경기도 고양시 덕양구 원흥1로 25,삼송11단지,832.0,아파트,LH인천,26,26.6,15.17,38120000,171000,20000000
행복주택,경기도 고양시 덕양구 원흥1로 25,삼송11단지,832.0,아파트,LH인천,36,36.7,20.93,52680000,237000,28000000
행복주택,경기도 김포시 양촌읍 양곡4로197번길 11,김포양곡5(행복주택H-1),362.0,아파트,LH인천,16,16.71,9.98,14400000,60000,0
행복주택,경기도 김포시 양촌읍 양곡4로197번길 11,김포양곡5(행복주택H-1),362.0,아파트,LH인천,26,26.47,15.81,23600000,98000,7000000
행복주택,경기도 김포시 양촌읍 양곡4로197번길 11,김포양곡5(행복주택H-1),362.0,아파트,LH인천,26,26.49,15.82,22800000,99000,8000000
행복주택,경기도 김포시 양촌읍 양곡4로197번길 11,김포양곡5(행복주택H-1),362.0,아파트,LH인천,36,36.85,22.01,32400000,146000,17000000
행복주택,경기도 김포시 양촌읍 양곡4로197번길 11,김포양곡5(행복주택H-1),362.0,아파트,LH인천,44,44.71,26.71,40000000,183000,21000000
행복주택,경기도 평택시 죽백4로 60,평택소사벌 A-6 행복주택,840.0,아파트,LH경기,20,20.59,9.88,17760000,87910,5000000
행복주택,경기도 평택시 죽백4로 60,평택소사벌 A-6 행복주택,840.0,아파트,LH경기,22,22.59,10.84,19480000,98000,7000000
행복주택,경기도 평택시 죽백4로 60,평택소사벌 A-6 행복주택,840.0,아파트,LH경기,26,26.44,12.69,22360000,112000,10000000
행복주택,경기도 평택시 죽백4로 60,평택소사벌 A-6 행복주택,840.0,아파트,LH경기,36,36.42,17.48,30800000,155000,18000000
행복주택,경기도 평택시 죽백4로 60,평택소사벌 A-6 행복주택,840.0,아파트,LH경기,36,36.7,17.61,30800000,155000,18000000
행복주택,경기도 고양시 덕양구 서정마을2로 17,서정마을LH12단지,276.0,아파트,LH인천,16,16.48,9.66,27600000,119000,11000000
행복주택,경기도 고양시 덕양구 서정마을2로 17,서정마을LH12단지,276.0,아파트,LH인천,21,21.26,12.46,35200000,152000,18000000
행복주택,경기도 고양시 덕양구 서정마을2로 17,서정마을LH12단지,276.0,아파트,LH인천,36,36.25,21.24,61200000,265200,31000000
행복주택,경기도 오산시 가수행복로 55-5,오산세교2 A-7 행복주택,1136.0,아파트,LH경기,16,16.41,9.34,19600000,81000,4000000
행복주택,경기도 오산시 가수행복로 55-5,오산세교2 A-7 행복주택,1136.0,아파트,LH경기,26,26.48,15.07,30800000,128000,13000000
행복주택,경기도 오산시 가수행복로 55-5,오산세교2 A-7 행복주택,1136.0,아파트,LH경기,36,36.83,20.96,42000000,175000,21000000
행복주택,경기도 양주시 옥정서로 254,옥정3단지,1500.0,아파트,LH서울,21,21.96,12.55,18480000,84000,4000000
행복주택,경기도 양주시 옥정서로 254,옥정3단지,1500.0,아파트,LH서울,21,21.97,12.56,18480000,84000,4000000
행복주택,경기도 양주시 옥정서로 254,옥정3단지,1500.0,아파트,LH서울,21,21.98,12.56,18360000,84000,4000000
행복주택,경기도 양주시 옥정서로 254,옥정3단지,1500.0,아파트,LH서울,21,21.99,12.57,18360000,84000,4000000
행복주택,경기도 양주시 옥정서로 254,옥정3단지,1500.0,아파트,LH서울,26,26.85,15.35,22520000,103000,8000000
행복주택,경기도 양주시 옥정서로 254,옥정3단지,1500.0,아파트,LH서울,26,26.86,15.35,22520000,103000,8000000
행복주택,경기도 양주시 옥정서로 254,옥정3단지,1500.0,아파트,LH서울,26,26.9,15.38,22520000,103000,8000000
행복주택,경기도 양주시 옥정서로 254,옥정3단지,1500.0,아파트,LH서울,36,36.71,20.99,30640000,140000,16000000
행복주택,경기도 양주시 옥정서로 254,옥정3단지,1500.0,아파트,LH서울,36,36.9,21.09,30640000,140000,16000000
행복주택,경기도 의정부시 용민로 373-17,의정부민락2 행복주택,812.0,아파트,LH서울,21,21.6,13.02,23080000,105000,9000000
행복주택,경기도 의정부시 용민로 373-17,의정부민락2 행복주택,812.0,아파트,LH서울,21,21.64,13.04,23080000,105000,9000000
행복주택,경기도 의정부시 용민로 373-17,의정부민락2 행복주택,812.0,아파트,LH서울,26,26.83,16.17,28080000,128000,13000000
행복주택,경기도 의정부시 용민로 373-17,의정부민락2 행복주택,812.0,아파트,LH서울,26,26.86,16.19,26670000,122000,12000000
행복주택,경기도 의정부시 용민로 373-17,의정부민락2 행복주택,812.0,아파트,LH서울,36,36.82,22.19,38280000,175000,21000000
행복주택,경기도 남양주시 진접읍 금강로 1530-33,남양주장현 행복주택 2단지,870.0,아파트,LH서울,16,16.8,10.73,15960000,74000,2000000
행복주택,경기도 남양주시 진접읍 금강로 1530-33,남양주장현 행복주택 2단지,870.0,아파트,LH서울,16,16.95,10.83,15960000,74000,2000000
행복주택,경기도 남양주시 진접읍 금강로 1530-33,남양주장현 행복주택 2단지,870.0,아파트,LH서울,26,26.65,17.03,23940000,111000,10000000
행복주택,경기도 남양주시 진접읍 금강로 1530-33,남양주장현 행복주택 2단지,870.0,아파트,LH서울,26,26.82,17.13,23940000,111000,10000000
행복주택,경기도 남양주시 진접읍 금강로 1530-33,남양주장현 행복주택 2단지,870.0,아파트,LH서울,36,36.4,23.26,33600000,156000,18000000
행복주택,경기도 남양주시 진접읍 금강로 1530-33,남양주장현 행복주택 2단지,870.0,아파트,LH서울,36,36.56,23.36,31920000,148000,17000000
행복주택,경기도 부천시 양지로 151,부천옥길 행복주택(A4BL),270.0,아파트,LH인천,16,16.75,8.96,22800000,100000,8000000
행복주택,경기도 부천시 양지로 151,부천옥길 행복주택(A4BL),270.0,아파트,LH인천,26,26.24,14.03,36400000,160000,19000000
행복주택,경기도 부천시 양지로 151,부천옥길 행복주택(A4BL),270.0,아파트,LH인천,26,26.4,14.12,36400000,160000,19000000
행복주택,경기도 부천시 양지로 151,부천옥길 행복주택(A4BL),270.0,아파트,LH인천,26,26.49,14.17,36400000,160000,19000000
행복주택,경기도 부천시 양지로 151,부천옥길 행복주택(A4BL),270.0,아파트,LH인천,36,36.14,19.33,50400000,222000,26000000
행복주택,경기도 부천시 양지로 151,부천옥길 행복주택(A4BL),270.0,아파트,LH인천,36,36.3,19.41,50400000,222000,26000000
행복주택,경기도 화성시 동탄기흥로277번길 12,행복주택,608.0,아파트,LH경기,16,16.86,11.31,22160000,92000,6000000
행복주택,경기도 화성시 동탄기흥로277번길 12,행복주택,608.0,아파트,LH경기,21,21.81,13.72,28680000,119000,11000000
행복주택,경기도 화성시 동탄기흥로277번길 12,행복주택,608.0,아파트,LH경기,31,31.96,19.29,41600000,173000,20000000
행복주택,경기도 화성시 동탄기흥로277번길 12,행복주택,608.0,아파트,LH경기,31,31.97,19.49,41600000,173000,20000000
행복주택,경기도 화성시 동탄기흥로277번길 12,행복주택,608.0,아파트,LH경기,44,44.73,26.40,58480000,243000,29000000
행복주택,경기도 화성시 동탄기흥로277번길 12,행복주택,608.0,아파트,LH경기,44,44.92,26.56,58480000,243000,29000000
행복주택,경기도 화성시 동탄기흥로277번길 12,행복주택,608.0,아파트,LH경기,44,44.95,26.37,58480000,243000,29000000
행복주택,경기도 오산시 경기대로761번길 10,오산세교 행복주택,720.0,아파트,LH경기,16,16.54,10.12,18800000,75200,3000000
행복주택,경기도 오산시 경기대로761번길 10,오산세교 행복주택,720.0,아파트,LH경기,26,26.88,15.72,30210000,125000,13000000
행복주택,경기도 오산시 경기대로761번길 10,오산세교 행복주택,720.0,아파트,LH경기,26,26.99,15.64,30210000,125000,13000000
행복주택,경기도 오산시 경기대로761번길 10,오산세교 행복주택,720.0,아파트,LH경기,36,36.79,20.75,43600000,181000,21000000
행복주택,경기도 오산시 경기대로761번길 10,오산세교 행복주택,720.0,아파트,LH경기,36,36.92,20.66,41420000,172000,20000000
행복주택,경기도 수원시 권선구 호매실로 103,수원호매실21(행복),400.0,아파트,LH경기,21,21.49,12.65,33600000,128800,11000000
행복주택,경기도 수원시 권선구 호매실로 103,수원호매실21(행복),400.0,아파트,LH경기,26,26.51,15.60,41000000,157160,17000000
행복주택,경기도 수원시 권선구 호매실로 103,수원호매실21(행복),400.0,아파트,LH경기,36,36.38,21.41,56280000,215740,25000000
행복주택,경기도 의정부시 본원로46번길 16,녹양LH5단지,423.0,아파트,LH서울,16,16.72,8.98,20970000,87000,5000000
행복주택,경기도 의정부시 본원로46번길 16,녹양LH5단지,423.0,아파트,LH서울,26,26.74,14.36,33130000,138000,15000000
행복주택,경기도 의정부시 본원로46번길 16,녹양LH5단지,423.0,아파트,LH서울,36,36.84,19.79,47760000,199000,23000000
행복주택,경기도 하남시 미사강변한강로 290,미사강변도시C3단지,1492.0,아파트,LH서울,16,16.8,10.55,32160000,120000,12000000
행복주택,경기도 하남시 미사강변한강로 290,미사강변도시C3단지,1492.0,아파트,LH서울,26,26.85,16.86,50800000,190000,22000000
행복주택,경기도 하남시 미사강변한강로 290,미사강변도시C3단지,1492.0,아파트,LH서울,36,36.8,23.11,68480000,256000,30000000
행복주택,경기도 시흥시 능곡서로 27,시흥장현 A-4 행복주택,996.0,아파트,LH인천,16,16.11,9.19,17200000,83130,4000000
행복주택,경기도 시흥시 능곡서로 27,시흥장현 A-4 행복주택,996.0,아파트,LH인천,22,22.32,12.73,23600000,114000,10000000
행복주택,경기도 시흥시 능곡서로 27,시흥장현 A-4 행복주택,996.0,아파트,LH인천,22,22.43,12.79,23600000,114000,10000000
행복주택,경기도 시흥시 능곡서로 27,시흥장현 A-4 행복주택,996.0,아파트,LH인천,26,26,14.83,27200000,131460,14000000
행복주택,경기도 시흥시 능곡서로 27,시흥장현 A-4 행복주택,996.0,아파트,LH인천,31,31.68,18.07,34000000,164330,19000000
행복주택,경기도 시흥시 능곡서로 27,시흥장현 A-4 행복주택,996.0,아파트,LH인천,36,36.3,20.71,39200000,189460,22000000
행복주택,경기도 군포시 송부로49번길 10,군포송정 A-1블록 행복주택,480.0,아파트,LH경기,16,16.98,10.54,25080000,104500,8000000
행복주택,경기도 군포시 송부로49번길 10,군포송정 A-1블록 행복주택,480.0,아파트,LH경기,26,26.96,16.74,39140000,163080,19000000
행복주택,경기도 군포시 송부로49번길 10,군포송정 A-1블록 행복주택,480.0,아파트,LH경기,36,36.6,22.72,55200000,230000,27000000
행복주택,경기도 군포시 송부로49번길 10,군포송정 A-1블록 행복주택,480.0,아파트,LH경기,36,36.76,22.82,52440000,218500,26000000
행복주택,경기도 화성시 향남읍 벌말길 24,화성향남2 A20 행복주택,99.0,아파트,LH경기,16,16.06,9.51,16800000,85680,5000000
행복주택,경기도 화성시 향남읍 벌말길 24,화성향남2 A20 행복주택,99.0,아파트,LH경기,26,26.36,15.62,25200000,130000,14000000
행복주택,경기도 화성시 향남읍 벌말길 24,화성향남2 A20 행복주택,99.0,아파트,LH경기,36,36.15,21.42,35600000,195000,23000000
행복주택,경기도 성남시 수정구 산성대로405번길 9-9,성남단대,16.0,아파트,LH경기,16,16.96,14.03,23000000,132000,11000000
행복주택,경기도 성남시 수정구 산성대로405번길 9-9,성남단대,16.0,아파트,LH경기,26,26.91,21.59,36800000,211000,22000000
행복주택,경기도 성남시 수정구 산성대로405번길 9-9,성남단대,16.0,아파트,LH경기,26,26.96,21.83,36280000,211000,22000000
행복주택,경기도 오산시 남부대로 486-13,오산청호 2 행복주택,448.0,아파트,LH경기,16,16.78,8.70,18800000,78000,3000000
행복주택,경기도 오산시 남부대로 486-13,오산청호 2 행복주택,448.0,아파트,LH경기,26,26.14,13.55,28400000,118000,11000000
행복주택,경기도 오산시 남부대로 486-13,오산청호 2 행복주택,448.0,아파트,LH경기,26,26.3,13.64,28400000,118000,11000000
행복주택,경기도 오산시 남부대로 486-13,오산청호 2 행복주택,448.0,아파트,LH경기,36,36.81,19.09,39600000,165000,19000000
행복주택,경기도 오산시 남부대로 486-13,오산청호 2 행복주택,448.0,아파트,LH경기,36,36.94,19.15,39600000,165000,19000000
행복주택,경기도 남양주시 덕송3로 30,남양주별내 A1-2 행복주택리츠,1220.0,아파트,LH서울,16,16.92,9.73,25340000,116000,11000000
행복주택,경기도 남양주시 덕송3로 30,남양주별내 A1-2 행복주택리츠,1220.0,아파트,LH서울,26,26.61,15.31,41040000,188000,22000000
행복주택,경기도 남양주시 덕송3로 30,남양주별내 A1-2 행복주택리츠,1220.0,아파트,LH서울,36,36.64,21.08,55200000,253000,30000000
행복주택,강원도 춘천시 동내면 거두택지길 70,춘천거두2 행복주택,480.0,아파트,LH강원,16,16.91,10.43,15440000,75910,3000000
행복주택,강원도 춘천시 동내면 거두택지길 70,춘천거두2 행복주택,480.0,아파트,LH강원,26,26.9,16.60,22600000,111110,10000000
행복주택,강원도 춘천시 동내면 거두택지길 70,춘천거두2 행복주택,480.0,아파트,LH강원,36,36.91,22.78,30440000,149660,17000000
행복주택,충청북도 괴산군 괴산읍 남산길 43,괴산동부,18.0,아파트,LH충북,26,26.11,13.03,13760000,81000,4000000
행복주택,충청북도 충주시 대소원면 첨단쉼터8길 19,충주첨단 행복주택,295.0,아파트,LH충북,26,26.04,14.00,13932000,75460,3000000
행복주택,충청북도 충주시 대소원면 첨단쉼터8길 19,충주첨단 행복주택,295.0,아파트,LH충북,26,26.07,14.01,13932000,75460,3000000
행복주택,충청북도 충주시 대소원면 첨단쉼터8길 19,충주첨단 행복주택,295.0,아파트,LH충북,26,26.24,14.10,13932000,75460,3000000
행복주택,충청북도 충주시 대소원면 첨단쉼터8길 19,충주첨단 행복주택,295.0,아파트,LH충북,33,33.55,18.04,18284000,99030,7000000
행복주택,충청북도 충주시 대소원면 첨단쉼터8길 19,충주첨단 행복주택,295.0,아파트,LH충북,42,42.57,22.89,23764000,128720,13000000
행복주택,충청북도 충주시 대소원면 첨단쉼터8길 19,충주첨단 행복주택,295.0,아파트,LH충북,42,42.65,22.93,23764000,128720,13000000
행복주택,충청북도 충주시 대소원면 첨단쉼터8길 19,충주첨단 행복주택,295.0,아파트,LH충북,43,43.07,23.15,24350000,131900,14000000
행복주택,충청남도 당진시 석문면 해명3로 10,당진석문 3단지 A-3BL,696.0,아파트,LH대전충남,21,21.56,12.09,13160000,70180,2000000
행복주택,충청남도 당진시 석문면 해명3로 10,당진석문 3단지 A-3BL,696.0,아파트,LH대전충남,26,26.32,14.76,15760000,84050,4000000
행복주택,충청남도 당진시 석문면 해명3로 10,당진석문 3단지 A-3BL,696.0,아파트,LH대전충남,36,36.76,20.62,21200000,113060,10000000
행복주택,충청남도 천안시 동남구 통정11로 80,천안신방(A-1) 행복주택,450.0,아파트,LH대전충남,16,16.81,8.06,15200000,81060,4000000
행복주택,충청남도 천안시 동남구 통정11로 80,천안신방(A-1) 행복주택,450.0,아파트,LH대전충남,26,26.42,12.67,23200000,123730,12000000
행복주택,충청남도 천안시 동남구 통정11로 80,천안신방(A-1) 행복주택,450.0,아파트,LH대전충남,26,26.6,12.76,22800000,121600,12000000
행복주택,충청남도 천안시 동남구 통정11로 80,천안신방(A-1) 행복주택,450.0,아파트,LH대전충남,36,36.25,17.39,30800000,164260,20000000
행복주택,충청남도 천안시 서북구 오성1길 12-10,천안두정 A-1BL 행복주택,40.0,아파트,LH대전충남,16,16.85,10.51,15640000,88620,5000000
행복주택,충청남도 천안시 서북구 오성1길 12-10,천안두정 A-1BL 행복주택,40.0,아파트,LH대전충남,26,26.61,16.60,23640000,133960,14000000
행복주택,충청남도 천안시 서북구 한들1로 88,천안백석 H-1BL 행복주택,562.0,아파트,LH대전충남,16,16.8,10.26,19600000,104530,8000000
행복주택,충청남도 천안시 서북구 한들1로 88,천안백석 H-1BL 행복주택,562.0,아파트,LH대전충남,26,26.87,15.63,27600000,147200,17000000
행복주택,충청남도 천안시 서북구 한들1로 88,천안백석 H-1BL 행복주택,562.0,아파트,LH대전충남,26,26.94,15.56,27600000,147200,17000000
행복주택,충청남도 천안시 서북구 한들1로 88,천안백석 H-1BL 행복주택,562.0,아파트,LH대전충남,36,36.8,20.84,37320000,199000,27000000
행복주택,충청남도 천안시 서북구 한들1로 88,천안백석 H-1BL 행복주택,562.0,아파트,LH대전충남,36,36.95,20.74,37320000,199000,27000000
행복주택,충청남도 천안시 서북구 한들1로 88,천안백석 H-1BL 행복주택,562.0,아파트,LH대전충남,44,44.9,24.93,44000000,234660,34000000
행복주택,충청남도 아산시 배방읍 공원로 69,아산배방(주복2) 행복주택,1464.0,아파트,LH대전충남,16,16.67,10.23,16800000,89600,5000000
행복주택,충청남도 아산시 배방읍 공원로 69,아산배방(주복2) 행복주택,1464.0,아파트,LH대전충남,26,26.41,16.21,25600000,136530,15000000
행복주택,충청남도 아산시 배방읍 공원로 69,아산배방(주복2) 행복주택,1464.0,아파트,LH대전충남,26,26.46,16.24,25600000,136530,15000000
행복주택,충청남도 아산시 배방읍 공원로 69,아산배방(주복2) 행복주택,1464.0,아파트,LH대전충남,36,36.14,22.18,34000000,181330,21000000
행복주택,충청남도 아산시 배방읍 공원로 69,아산배방(주복2) 행복주택,1464.0,아파트,LH대전충남,36,36.27,22.26,34000000,181330,21000000
행복주택,충청남도 공주시 무령로 600-25,공주월송 A3BL,200.0,아파트,LH대전충남,22,22.93,11.71,18000000,105000,9000000
행복주택,충청남도 공주시 무령로 600-25,공주월송 A3BL,200.0,아파트,LH대전충남,22,22.98,11.74,17600000,102660,8000000
행복주택,충청남도 공주시 무령로 600-25,공주월송 A3BL,200.0,아파트,LH대전충남,36,36.99,18.90,28000000,163330,19000000
행복주택,충청남도 천안시 서북구 불당24로 9,천안불당 LH 1단지,740.0,아파트,LH대전충남,16,16.52,10.25,19200000,112000,10000000
행복주택,충청남도 천안시 서북구 불당24로 9,천안불당 LH 1단지,740.0,아파트,LH대전충남,26,26.48,16.43,30000000,175000,18000000
행복주택,충청남도 천안시 서북구 불당24로 9,천안불당 LH 1단지,740.0,아파트,LH대전충남,36,36.53,22.67,38400000,224000,26000000
행복주택,충청남도 천안시 서북구 불당24로 9,천안불당 LH 1단지,740.0,아파트,LH대전충남,36,36.71,22.78,38400000,224000,26000000
행복주택,전라북도 익산시 목천로 320,익산인화 행복주택,612.0,아파트,LH전북,16,16.85,10.41,13160000,84440,4000000
행복주택,전라북도 익산시 목천로 320,익산인화 행복주택,612.0,아파트,LH전북,26,26.65,16.47,19480000,124990,12000000
행복주택,전라북도 익산시 목천로 320,익산인화 행복주택,612.0,아파트,LH전북,26,26.68,16.49,19480000,124990,12000000
행복주택,전라북도 익산시 목천로 320,익산인화 행복주택,612.0,아파트,LH전북,36,36.46,22.53,25840000,165800,19000000
행복주택,전라남도 목포시 연산백련로1번길 51,목포용해2 6-1BL,450.0,아파트,LH광주전남,21,21.43,11.57,12240000,67000,1000000
행복주택,전라남도 목포시 연산백련로1번길 51,목포용해2 6-1BL,450.0,아파트,LH광주전남,23,23.54,12.71,13464000,74000,2000000
행복주택,전라남도 목포시 연산백련로1번길 51,목포용해2 6-1BL,450.0,아파트,LH광주전남,26,26.6,14.36,15580000,85000,5000000
행복주택,전라남도 목포시 연산백련로1번길 51,목포용해2 6-1BL,450.0,아파트,LH광주전남,26,26.81,14.47,15580000,85000,5000000
행복주택,전라남도 목포시 연산백련로1번길 51,목포용해2 6-1BL,450.0,아파트,LH광주전남,36,36.17,19.52,22080000,121000,12000000
행복주택,전라남도 여수시 이순신광장로 260,여수수정,200.0,아파트,LH광주전남,16,16.97,7.58,12312000,75000,3000000
행복주택,전라남도 여수시 이순신광장로 260,여수수정,200.0,아파트,LH광주전남,26,26.72,11.27,19152000,118000,11000000
행복주택,전라남도 여수시 이순신광장로 260,여수수정,200.0,아파트,LH광주전남,36,36.78,14.97,27160000,167000,20000000
행복주택,경상북도 김천시 물망골길 71,김천삼락 1블록 행복주택,410.0,아파트,LH대구경북,16,16.87,9.65,11176000,65000,0
행복주택,경상북도 김천시 물망골길 71,김천삼락 1블록 행복주택,410.0,아파트,LH대구경북,26,26.95,14.56,16232000,94000,4000000
행복주택,경상북도 김천시 물망골길 71,김천삼락 1블록 행복주택,410.0,아파트,LH대구경북,36,36.63,19.27,22064000,128000,11000000
행복주택,경상남도 창원시 진해구 냉천로 125,창원석동 LH아파트,460.0,아파트,LH경남,16,16.95,9.22,16960000,81000,4000000
행복주택,경상남도 창원시 진해구 냉천로 125,창원석동 LH아파트,460.0,아파트,LH경남,26,26.79,14.57,25240000,120000,12000000
행복주택,경상남도 창원시 진해구 냉천로 125,창원석동 LH아파트,460.0,아파트,LH경남,26,26.9,14.63,25240000,120000,12000000
행복주택,경상남도 창원시 진해구 냉천로 125,창원석동 LH아파트,460.0,아파트,LH경남,36,36.78,20.00,34040000,163000,19000000
행복주택,경상남도 창원시 진해구 냉천로 125,창원석동 LH아파트,460.0,아파트,LH경남,36,36.97,20.11,34040000,163000,19000000
행복주택,경상남도 진주시 대밭골로 91,혁신도시 LH아파트 3단지,966.0,아파트,LH경남,21,21.54,14.21,20460000,102000,8000000
행복주택,경상남도 진주시 대밭골로 91,혁신도시 LH아파트 3단지,966.0,아파트,LH경남,21,21.9,14.44,21220000,105400,9000000
행복주택,경상남도 진주시 대밭골로 91,혁신도시 LH아파트 3단지,966.0,아파트,LH경남,26,26.27,17.33,25200000,126000,13000000
행복주택,경상남도 진주시 대밭골로 91,혁신도시 LH아파트 3단지,966.0,아파트,LH경남,26,26.37,17.39,25200000,126000,13000000
행복주택,경상남도 진주시 대밭골로 91,혁신도시 LH아파트 3단지,966.0,아파트,LH경남,36,36.78,24.26,36000000,180000,21000000
행복주택,경상남도 진주시 대밭골로 91,혁신도시 LH아파트 3단지,966.0,아파트,LH경남,36,36.89,24.33,36000000,180000,21000000
행복주택,경상남도 김해시 진영읍 김해대로 464-48,김해진영 LH천년나무 2단지,480.0,아파트,LH경남,16,16.69,9.53,11800000,65000,0
행복주택,경상남도 김해시 진영읍 김해대로 464-48,김해진영 LH천년나무 2단지,480.0,아파트,LH경남,26,26.34,15.05,19400000,108000,7000000
행복주택,경상남도 김해시 진영읍 김해대로 464-48,김해진영 LH천년나무 2단지,480.0,아파트,LH경남,26,26.52,15.15,18400000,102000,7000000
행복주택,경상남도 김해시 진영읍 김해대로 464-48,김해진영 LH천년나무 2단지,480.0,아파트,LH경남,36,36.31,20.74,25200000,140000,16000000
행복주택,경상남도 김해시 진영읍 김해대로 464-48,김해진영 LH천년나무 2단지,480.0,아파트,LH경남,36,36.44,20.82,25200000,140000,16000000
행복주택,경상남도 김해시 진영읍 김해대로 464-48,김해진영 LH천년나무 2단지,480.0,아파트,LH경남,44,44.16,25.23,29600000,165000,19000000
행복주택,경상남도 김해시 진영읍 김해대로 464-48,김해진영 LH천년나무 2단지,480.0,아파트,LH경남,44,44.29,25.30,29600000,165000,19000000
행복주택,경상남도 진주시 문산읍 월아산로 1047-14,진주문산 LH아파트,210.0,아파트,LH경남,16,16.71,8.96,13840000,65400,1000000
행복주택,경상남도 진주시 문산읍 월아산로 1047-14,진주문산 LH아파트,210.0,아파트,LH경남,26,26.95,14.45,20400000,102000,8000000
행복주택,경상남도 진주시 문산읍 월아산로 1047-14,진주문산 LH아파트,210.0,아파트,LH경남,36,36.99,19.83,28800000,144000,16000000
행복주택,경상남도 양산시 물금읍 청운로 42,양산물금LH천년나무,900.0,아파트,LH경남,17,17.23,10.45,14800000,80000,4000000
행복주택,경상남도 양산시 물금읍 청운로 42,양산물금LH천년나무,900.0,아파트,LH경남,26,26.17,15.87,21800000,118000,11000000
행복주택,경상남도 양산시 물금읍 청운로 42,양산물금LH천년나무,900.0,아파트,LH경남,36,36.94,22.40,30000000,162000,19000000
행복주택,경상남도 양산시 물금읍 청운로 42,양산물금LH천년나무,900.0,아파트,LH경남,39,39.68,24.07,32000000,173000,20000000
행복주택,경상남도 양산시 물금읍 청운로 42,양산물금LH천년나무,900.0,아파트,LH경남,39,39.79,24.13,32000000,173000,20000000
행복주택,경상남도 통영시 북신로 22,통영북신(해모로 오션힐)재개발 매입,72.0,아파트,LH경남,39,39.48,18.26,15783000,180490,21000000
행복주택,경상남도 통영시 북신로 22,통영북신(해모로 오션힐)재개발 매입,72.0,아파트,LH경남,39,39.49,18.61,31120000,180490,21000000
행복주택,경상남도 김해시 율하5로 14,김해율하2 A3블록,1200.0,아파트,LH경남,16,16.02,10.38,13600000,76040,3000000
행복주택,경상남도 김해시 율하5로 14,김해율하2 A3블록,1200.0,아파트,LH경남,16,16.27,10.54,12800000,71570,2000000
행복주택,경상남도 김해시 율하5로 14,김해율하2 A3블록,1200.0,아파트,LH경남,16,16.29,10.55,13600000,76040,3000000
행복주택,경상남도 김해시 율하5로 14,김해율하2 A3블록,1200.0,아파트,LH경남,26,26.17,16.96,20400000,114070,10000000
행복주택,경상남도 김해시 율하5로 14,김해율하2 A3블록,1200.0,아파트,LH경남,26,26.19,16.97,20400000,114070,10000000
행복주택,경상남도 김해시 율하5로 14,김해율하2 A3블록,1200.0,아파트,LH경남,36,36.03,23.35,28000000,156560,18000000
행복주택,경상남도 김해시 율하5로 14,김해율하2 A3블록,1200.0,아파트,LH경남,36,36.05,23.36,28000000,156560,18000000
행복주택,제주특별자치도 제주시 번영로 528,제주봉개LH아파트,280.0,아파트,LH제주,16,16.8,7.13,14800000,72760,2000000
행복주택,제주특별자치도 제주시 번영로 528,제주봉개LH아파트,280.0,아파트,LH제주,26,26.53,11.26,22400000,110130,10000000
행복주택,제주특별자치도 제주시 번영로 528,제주봉개LH아파트,280.0,아파트,LH제주,36,36.78,15.61,31200000,153400,18000000
행복주택,제주특별자치도 서귀포시 서호중앙로 56-13,서귀포혁신도시 LH3단지,200.0,아파트,LH제주,16,16.9,7.17,16000000,78660,3000000
행복주택,제주특별자치도 서귀포시 서호중앙로 56-13,서귀포혁신도시 LH3단지,200.0,아파트,LH제주,26,26.78,11.37,24400000,119960,11000000
행복주택,제주특별자치도 서귀포시 서호중앙로 56-13,서귀포혁신도시 LH3단지,200.0,아파트,LH제주,26,26.79,11.37,24400000,119960,11000000
행복주택,제주특별자치도 서귀포시 서호중앙로 56-13,서귀포혁신도시 LH3단지,200.0,아파트,LH제주,36,36.65,15.56,33200000,163230,19000000
행복주택,제주특별자치도 서귀포시 서호중앙로 56-13,서귀포혁신도시 LH3단지,200.0,아파트,LH제주,36,36.92,15.67,33200000,163230,19000000
